[
  {
    "eventType": "DELAYED_MESSAGE_POSTED",
    "timestamp": 1532257283887,
    "actionCode": -1,
    "delayTime": 3598982,
    "canScrollTo": false,
    "elementDescriptors": []
  },
  {
    "eventType": "VIEW_CLICKED",
    "timestamp": 1532257288864,
    "replacementText": "Belum punya akun? Sign Up sekarang !",
    "actionCode": -1,
    "delayTime": 0,
    "canScrollTo": false,
    "elementDescriptors": [
      {
        "className": "android.widget.TextView",
        "recyclerViewChildPosition": -1,
        "adapterViewChildPosition": -1,
        "groupViewChildPosition": 1,
        "resourceId": "com.fadhlanhawali.meetingyukmerchantapp:id/signUp",
        "contentDescription": "",
        "text": "Belum punya akun? Sign Up sekarang !"
      },
      {
        "className": "android.widget.RelativeLayout",
        "recyclerViewChildPosition": -1,
        "adapterViewChildPosition": -1,
        "groupViewChildPosition": 0,
        "resourceId": "",
        "contentDescription": "",
        "text": ""
      },
      {
        "className": "android.widget.FrameLayout",
        "recyclerViewChildPosition": -1,
        "adapterViewChildPosition": -1,
        "groupViewChildPosition": 1,
        "resourceId": "android:id/content",
        "contentDescription": "",
        "text": ""
      }
    ]
  },
  {
    "eventType": "DELAYED_MESSAGE_POSTED",
    "timestamp": 1532257291044,
    "actionCode": -1,
    "delayTime": 3594365,
    "canScrollTo": false,
    "elementDescriptors": []
  },
  {
    "eventType": "VIEW_CLICKED",
    "timestamp": 1532257294967,
    "replacementText": "",
    "actionCode": -1,
    "delayTime": 0,
    "canScrollTo": true,
    "elementDescriptors": [
      {
        "className": "android.support.v7.widget.AppCompatImageView",
        "recyclerViewChildPosition": -1,
        "adapterViewChildPosition": -1,
        "groupViewChildPosition": 1,
        "resourceId": "com.fadhlanhawali.meetingyukmerchantapp:id/photo",
        "contentDescription": "",
        "text": ""
      },
      {
        "className": "android.widget.RelativeLayout",
        "recyclerViewChildPosition": -1,
        "adapterViewChildPosition": -1,
        "groupViewChildPosition": 0,
        "resourceId": "",
        "contentDescription": "",
        "text": ""
      },
      {
        "className": "android.widget.ScrollView",
        "recyclerViewChildPosition": -1,
        "adapterViewChildPosition": -1,
        "groupViewChildPosition": 0,
        "resourceId": "com.fadhlanhawali.meetingyukmerchantapp:id/scroll",
        "contentDescription": "",
        "text": ""
      }
    ]
  },
  {
    "eventType": "DELAYED_MESSAGE_POSTED",
    "timestamp": 1532257296592,
    "actionCode": -1,
    "delayTime": 3594916,
    "canScrollTo": false,
    "elementDescriptors": []
  },
  {
    "eventType": "VIEW_CLICKED",
    "timestamp": 1532257309611,
    "replacementText": "",
    "actionCode": -1,
    "delayTime": 0,
    "canScrollTo": true,
    "elementDescriptors": [
      {
        "className": "android.support.v7.widget.AppCompatEditText",
        "recyclerViewChildPosition": -1,
        "adapterViewChildPosition": -1,
        "groupViewChildPosition": 0,
        "resourceId": "com.fadhlanhawali.meetingyukmerchantapp:id/txtNamaTempat",
        "contentDescription": "",
        "text": ""
      },
      {
        "className": "android.widget.LinearLayout",
        "recyclerViewChildPosition": -1,
        "adapterViewChildPosition": -1,
        "groupViewChildPosition": 2,
        "resourceId": "com.fadhlanhawali.meetingyukmerchantapp:id/linear",
        "contentDescription": "",
        "text": ""
      },
      {
        "className": "android.widget.RelativeLayout",
        "recyclerViewChildPosition": -1,
        "adapterViewChildPosition": -1,
        "groupViewChildPosition": 0,
        "resourceId": "",
        "contentDescription": "",
        "text": ""
      }
    ]
  },
  {
    "eventType": "VIEW_CLICKED",
    "timestamp": 1532257311834,
    "replacementText": "",
    "actionCode": -1,
    "delayTime": 0,
    "canScrollTo": true,
    "elementDescriptors": [
      {
        "className": "android.support.v7.widget.AppCompatEditText",
        "recyclerViewChildPosition": -1,
        "adapterViewChildPosition": -1,
        "groupViewChildPosition": 0,
        "resourceId": "com.fadhlanhawali.meetingyukmerchantapp:id/txtNamaTempat",
        "contentDescription": "",
        "text": ""
      },
      {
        "className": "android.widget.LinearLayout",
        "recyclerViewChildPosition": -1,
        "adapterViewChildPosition": -1,
        "groupViewChildPosition": 2,
        "resourceId": "com.fadhlanhawali.meetingyukmerchantapp:id/linear",
        "contentDescription": "",
        "text": ""
      },
      {
        "className": "android.widget.RelativeLayout",
        "recyclerViewChildPosition": -1,
        "adapterViewChildPosition": -1,
        "groupViewChildPosition": 0,
        "resourceId": "",
        "contentDescription": "",
        "text": ""
      }
    ]
  },
  {
    "eventType": "VIEW_TEXT_CHANGED",
    "timestamp": 1532257314943,
    "replacementText": "Restoran",
    "actionCode": -1,
    "delayTime": 0,
    "canScrollTo": true,
    "elementDescriptors": [
      {
        "className": "android.support.v7.widget.AppCompatEditText",
        "recyclerViewChildPosition": -1,
        "adapterViewChildPosition": -1,
        "groupViewChildPosition": 0,
        "resourceId": "com.fadhlanhawali.meetingyukmerchantapp:id/txtNamaTempat",
        "contentDescription": "",
        "text": ""
      },
      {
        "className": "android.widget.LinearLayout",
        "recyclerViewChildPosition": -1,
        "adapterViewChildPosition": -1,
        "groupViewChildPosition": 2,
        "resourceId": "com.fadhlanhawali.meetingyukmerchantapp:id/linear",
        "contentDescription": "",
        "text": ""
      },
      {
        "className": "android.widget.RelativeLayout",
        "recyclerViewChildPosition": -1,
        "adapterViewChildPosition": -1,
        "groupViewChildPosition": 0,
        "resourceId": "",
        "contentDescription": "",
        "text": ""
      }
    ]
  },
  {
    "eventType": "DELAYED_MESSAGE_POSTED",
    "timestamp": 1532257331542,
    "actionCode": -1,
    "delayTime": 3576693,
    "canScrollTo": false,
    "elementDescriptors": []
  },
  {
    "eventType": "VIEW_CLICKED",
    "timestamp": 1532257333548,
    "replacementText": "Restoran",
    "actionCode": -1,
    "delayTime": 0,
    "canScrollTo": true,
    "elementDescriptors": [
      {
        "className": "android.support.v7.widget.AppCompatEditText",
        "recyclerViewChildPosition": -1,
        "adapterViewChildPosition": -1,
        "groupViewChildPosition": 0,
        "resourceId": "com.fadhlanhawali.meetingyukmerchantapp:id/txtNamaTempat",
        "contentDescription": "",
        "text": "Restoran"
      },
      {
        "className": "android.widget.LinearLayout",
        "recyclerViewChildPosition": -1,
        "adapterViewChildPosition": -1,
        "groupViewChildPosition": 2,
        "resourceId": "com.fadhlanhawali.meetingyukmerchantapp:id/linear",
        "contentDescription": "",
        "text": ""
      },
      {
        "className": "android.widget.RelativeLayout",
        "recyclerViewChildPosition": -1,
        "adapterViewChildPosition": -1,
        "groupViewChildPosition": 0,
        "resourceId": "",
        "contentDescription": "",
        "text": ""
      }
    ]
  },
  {
    "eventType": "VIEW_TEXT_CHANGED",
    "timestamp": 1532257336576,
    "replacementText": "Restoran Robo",
    "actionCode": -1,
    "delayTime": 0,
    "canScrollTo": true,
    "elementDescriptors": [
      {
        "className": "android.support.v7.widget.AppCompatEditText",
        "recyclerViewChildPosition": -1,
        "adapterViewChildPosition": -1,
        "groupViewChildPosition": 0,
        "resourceId": "com.fadhlanhawali.meetingyukmerchantapp:id/txtNamaTempat",
        "contentDescription": "",
        "text": "Restoran"
      },
      {
        "className": "android.widget.LinearLayout",
        "recyclerViewChildPosition": -1,
        "adapterViewChildPosition": -1,
        "groupViewChildPosition": 2,
        "resourceId": "com.fadhlanhawali.meetingyukmerchantapp:id/linear",
        "contentDescription": "",
        "text": ""
      },
      {
        "className": "android.widget.RelativeLayout",
        "recyclerViewChildPosition": -1,
        "adapterViewChildPosition": -1,
        "groupViewChildPosition": 0,
        "resourceId": "",
        "contentDescription": "",
        "text": ""
      }
    ]
  },
  {
    "eventType": "VIEW_TEXT_CHANGED",
    "timestamp": 1532257353383,
    "replacementText": "Robo",
    "actionCode": -1,
    "delayTime": 0,
    "canScrollTo": true,
    "elementDescriptors": [
      {
        "className": "android.support.v7.widget.AppCompatEditText",
        "recyclerViewChildPosition": -1,
        "adapterViewChildPosition": -1,
        "groupViewChildPosition": 1,
        "resourceId": "com.fadhlanhawali.meetingyukmerchantapp:id/txtNamaPemilik",
        "contentDescription": "",
        "text": ""
      },
      {
        "className": "android.widget.LinearLayout",
        "recyclerViewChildPosition": -1,
        "adapterViewChildPosition": -1,
        "groupViewChildPosition": 2,
        "resourceId": "com.fadhlanhawali.meetingyukmerchantapp:id/linear",
        "contentDescription": "",
        "text": ""
      },
      {
        "className": "android.widget.RelativeLayout",
        "recyclerViewChildPosition": -1,
        "adapterViewChildPosition": -1,
        "groupViewChildPosition": 0,
        "resourceId": "",
        "contentDescription": "",
        "text": ""
      }
    ]
  },
  {
    "eventType": "VIEW_TEXT_CHANGED",
    "timestamp": 1532257367289,
    "replacementText": "087456123",
    "actionCode": -1,
    "delayTime": 0,
    "canScrollTo": true,
    "elementDescriptors": [
      {
        "className": "android.support.v7.widget.AppCompatEditText",
        "recyclerViewChildPosition": -1,
        "adapterViewChildPosition": -1,
        "groupViewChildPosition": 2,
        "resourceId": "com.fadhlanhawali.meetingyukmerchantapp:id/txtNomorTelepon",
        "contentDescription": "",
        "text": ""
      },
      {
        "className": "android.widget.LinearLayout",
        "recyclerViewChildPosition": -1,
        "adapterViewChildPosition": -1,
        "groupViewChildPosition": 2,
        "resourceId": "com.fadhlanhawali.meetingyukmerchantapp:id/linear",
        "contentDescription": "",
        "text": ""
      },
      {
        "className": "android.widget.RelativeLayout",
        "recyclerViewChildPosition": -1,
        "adapterViewChildPosition": -1,
        "groupViewChildPosition": 0,
        "resourceId": "",
        "contentDescription": "",
        "text": ""
      }
    ]
  },
  {
    "eventType": "DELAYED_MESSAGE_POSTED",
    "timestamp": 1532257385583,
    "actionCode": -1,
    "delayTime": 3546055,
    "canScrollTo": false,
    "elementDescriptors": []
  },
  {
    "eventType": "VIEW_TEXT_CHANGED",
    "timestamp": 1532257393751,
    "replacementText": "robo@gmail.com",
    "actionCode": -1,
    "delayTime": 0,
    "canScrollTo": true,
    "elementDescriptors": [
      {
        "className": "android.support.v7.widget.AppCompatEditText",
        "recyclerViewChildPosition": -1,
        "adapterViewChildPosition": -1,
        "groupViewChildPosition": 3,
        "resourceId": "com.fadhlanhawali.meetingyukmerchantapp:id/txtEmail",
        "contentDescription": "",
        "text": ""
      },
      {
        "className": "android.widget.LinearLayout",
        "recyclerViewChildPosition": -1,
        "adapterViewChildPosition": -1,
        "groupViewChildPosition": 2,
        "resourceId": "com.fadhlanhawali.meetingyukmerchantapp:id/linear",
        "contentDescription": "",
        "text": ""
      },
      {
        "className": "android.widget.RelativeLayout",
        "recyclerViewChildPosition": -1,
        "adapterViewChildPosition": -1,
        "groupViewChildPosition": 0,
        "resourceId": "",
        "contentDescription": "",
        "text": ""
      }
    ]
  },
  {
    "eventType": "VIEW_CLICKED",
    "timestamp": 1532257422336,
    "replacementText": "",
    "actionCode": -1,
    "delayTime": 0,
    "canScrollTo": true,
    "elementDescriptors": [
      {
        "className": "android.support.v7.widget.AppCompatImageView",
        "recyclerViewChildPosition": -1,
        "adapterViewChildPosition": -1,
        "groupViewChildPosition": 1,
        "resourceId": "com.fadhlanhawali.meetingyukmerchantapp:id/setMap",
        "contentDescription": "",
        "text": ""
      },
      {
        "className": "android.widget.LinearLayout",
        "recyclerViewChildPosition": -1,
        "adapterViewChildPosition": -1,
        "groupViewChildPosition": 4,
        "resourceId": "",
        "contentDescription": "",
        "text": ""
      },
      {
        "className": "android.widget.LinearLayout",
        "recyclerViewChildPosition": -1,
        "adapterViewChildPosition": -1,
        "groupViewChildPosition": 2,
        "resourceId": "com.fadhlanhawali.meetingyukmerchantapp:id/linear",
        "contentDescription": "",
        "text": ""
      }
    ]
  },
  {
    "eventType": "DELAYED_MESSAGE_POSTED",
    "timestamp": 1532257424196,
    "actionCode": -1,
    "delayTime": 3562502,
    "canScrollTo": false,
    "elementDescriptors": []
  },
  {
    "eventType": "VIEW_TEXT_CHANGED",
    "timestamp": 1532257439123,
    "replacementText": "123",
    "actionCode": -1,
    "delayTime": 0,
    "canScrollTo": true,
    "elementDescriptors": [
      {
        "className": "android.support.v7.widget.AppCompatEditText",
        "recyclerViewChildPosition": -1,
        "adapterViewChildPosition": -1,
        "groupViewChildPosition": 5,
        "resourceId": "com.fadhlanhawali.meetingyukmerchantapp:id/txtPassword",
        "contentDescription": "",
        "text": ""
      },
      {
        "className": "android.widget.LinearLayout",
        "recyclerViewChildPosition": -1,
        "adapterViewChildPosition": -1,
        "groupViewChildPosition": 2,
        "resourceId": "com.fadhlanhawali.meetingyukmerchantapp:id/linear",
        "contentDescription": "",
        "text": ""
      },
      {
        "className": "android.widget.RelativeLayout",
        "recyclerViewChildPosition": -1,
        "adapterViewChildPosition": -1,
        "groupViewChildPosition": 0,
        "resourceId": "",
        "contentDescription": "",
        "text": ""
      }
    ]
  },
  {
    "eventType": "VIEW_TEXT_CHANGED",
    "timestamp": 1532257449045,
    "replacementText": "123",
    "actionCode": -1,
    "delayTime": 0,
    "canScrollTo": true,
    "elementDescriptors": [
      {
        "className": "android.support.v7.widget.AppCompatEditText",
        "recyclerViewChildPosition": -1,
        "adapterViewChildPosition": -1,
        "groupViewChildPosition": 6,
        "resourceId": "com.fadhlanhawali.meetingyukmerchantapp:id/txtConfirmationPassword",
        "contentDescription": "",
        "text": ""
      },
      {
        "className": "android.widget.LinearLayout",
        "recyclerViewChildPosition": -1,
        "adapterViewChildPosition": -1,
        "groupViewChildPosition": 2,
        "resourceId": "com.fadhlanhawali.meetingyukmerchantapp:id/linear",
        "contentDescription": "",
        "text": ""
      },
      {
        "className": "android.widget.RelativeLayout",
        "recyclerViewChildPosition": -1,
        "adapterViewChildPosition": -1,
        "groupViewChildPosition": 0,
        "resourceId": "",
        "contentDescription": "",
        "text": ""
      }
    ]
  },
  {
    "eventType": "DELAYED_MESSAGE_POSTED",
    "timestamp": 1532257466684,
    "actionCode": -1,
    "delayTime": 3562524,
    "canScrollTo": false,
    "elementDescriptors": []
  },
  {
    "eventType": "VIEW_CLICKED",
    "timestamp": 1532257500182,
    "replacementText": "Sign Up",
    "actionCode": -1,
    "delayTime": 0,
    "canScrollTo": true,
    "elementDescriptors": [
      {
        "className": "android.support.v7.widget.AppCompatButton",
        "recyclerViewChildPosition": -1,
        "adapterViewChildPosition": -1,
        "groupViewChildPosition": 0,
        "resourceId": "com.fadhlanhawali.meetingyukmerchantapp:id/signUp",
        "contentDescription": "",
        "text": "Sign Up"
      },
      {
        "className": "android.widget.RelativeLayout",
        "recyclerViewChildPosition": -1,
        "adapterViewChildPosition": -1,
        "groupViewChildPosition": 7,
        "resourceId": "",
        "contentDescription": "",
        "text": ""
      },
      {
        "className": "android.widget.LinearLayout",
        "recyclerViewChildPosition": -1,
        "adapterViewChildPosition": -1,
        "groupViewChildPosition": 2,
        "resourceId": "com.fadhlanhawali.meetingyukmerchantapp:id/linear",
        "contentDescription": "",
        "text": ""
      }
    ]
  },
  {
    "eventType": "VIEW_CLICKED",
    "timestamp": 1532257513697,
    "replacementText": "Sign Up",
    "actionCode": -1,
    "delayTime": 0,
    "canScrollTo": true,
    "elementDescriptors": [
      {
        "className": "android.support.v7.widget.AppCompatButton",
        "recyclerViewChildPosition": -1,
        "adapterViewChildPosition": -1,
        "groupViewChildPosition": 0,
        "resourceId": "com.fadhlanhawali.meetingyukmerchantapp:id/signUp",
        "contentDescription": "",
        "text": "Sign Up"
      },
      {
        "className": "android.widget.RelativeLayout",
        "recyclerViewChildPosition": -1,
        "adapterViewChildPosition": -1,
        "groupViewChildPosition": 7,
        "resourceId": "",
        "contentDescription": "",
        "text": ""
      },
      {
        "className": "android.widget.LinearLayout",
        "recyclerViewChildPosition": -1,
        "adapterViewChildPosition": -1,
        "groupViewChildPosition": 2,
        "resourceId": "com.fadhlanhawali.meetingyukmerchantapp:id/linear",
        "contentDescription": "",
        "text": ""
      }
    ]
  },
  {
    "eventType": "DELAYED_MESSAGE_POSTED",
    "timestamp": 1532257516242,
    "actionCode": -1,
    "delayTime": 3582147,
    "canScrollTo": false,
    "elementDescriptors": []
  },
  {
    "eventType": "VIEW_CLICKED",
    "timestamp": 1532257565942,
    "replacementText": "",
    "actionCode": -1,
    "delayTime": 0,
    "canScrollTo": false,
    "elementDescriptors": [
      {
        "className": "android.widget.EditText",
        "recyclerViewChildPosition": -1,
        "adapterViewChildPosition": -1,
        "groupViewChildPosition": 0,
        "resourceId": "com.fadhlanhawali.meetingyukmerchantapp:id/txtEmail",
        "contentDescription": "",
        "text": ""
      },
      {
        "className": "android.widget.LinearLayout",
        "recyclerViewChildPosition": -1,
        "adapterViewChildPosition": -1,
        "groupViewChildPosition": 0,
        "resourceId": "com.fadhlanhawali.meetingyukmerchantapp:id/form",
        "contentDescription": "",
        "text": ""
      },
      {
        "className": "android.widget.RelativeLayout",
        "recyclerViewChildPosition": -1,
        "adapterViewChildPosition": -1,
        "groupViewChildPosition": 0,
        "resourceId": "",
        "contentDescription": "",
        "text": ""
      }
    ]
  },
  {
    "eventType": "VIEW_TEXT_CHANGED",
    "timestamp": 1532257569232,
    "replacementText": "robo@gmail.com",
    "actionCode": -1,
    "delayTime": 0,
    "canScrollTo": false,
    "elementDescriptors": [
      {
        "className": "android.widget.EditText",
        "recyclerViewChildPosition": -1,
        "adapterViewChildPosition": -1,
        "groupViewChildPosition": 0,
        "resourceId": "com.fadhlanhawali.meetingyukmerchantapp:id/txtEmail",
        "contentDescription": "",
        "text": ""
      },
      {
        "className": "android.widget.LinearLayout",
        "recyclerViewChildPosition": -1,
        "adapterViewChildPosition": -1,
        "groupViewChildPosition": 0,
        "resourceId": "com.fadhlanhawali.meetingyukmerchantapp:id/form",
        "contentDescription": "",
        "text": ""
      },
      {
        "className": "android.widget.RelativeLayout",
        "recyclerViewChildPosition": -1,
        "adapterViewChildPosition": -1,
        "groupViewChildPosition": 0,
        "resourceId": "",
        "contentDescription": "",
        "text": ""
      }
    ]
  },
  {
    "eventType": "DELAYED_MESSAGE_POSTED",
    "timestamp": 1532257594746,
    "actionCode": -1,
    "delayTime": 3589675,
    "canScrollTo": false,
    "elementDescriptors": []
  },
  {
    "eventType": "VIEW_TEXT_CHANGED",
    "timestamp": 1532257680500,
    "replacementText": "123",
    "actionCode": -1,
    "delayTime": 0,
    "canScrollTo": false,
    "elementDescriptors": [
      {
        "className": "android.widget.EditText",
        "recyclerViewChildPosition": -1,
        "adapterViewChildPosition": -1,
        "groupViewChildPosition": 1,
        "resourceId": "com.fadhlanhawali.meetingyukmerchantapp:id/txtPassword",
        "contentDescription": "",
        "text": ""
      },
      {
        "className": "android.widget.LinearLayout",
        "recyclerViewChildPosition": -1,
        "adapterViewChildPosition": -1,
        "groupViewChildPosition": 0,
        "resourceId": "com.fadhlanhawali.meetingyukmerchantapp:id/form",
        "contentDescription": "",
        "text": ""
      },
      {
        "className": "android.widget.RelativeLayout",
        "recyclerViewChildPosition": -1,
        "adapterViewChildPosition": -1,
        "groupViewChildPosition": 0,
        "resourceId": "",
        "contentDescription": "",
        "text": ""
      }
    ]
  },
  {
    "eventType": "PRESSED_EDITOR_ACTION",
    "timestamp": 1532257688738,
    "replacementText": "123",
    "actionCode": 6,
    "delayTime": 0,
    "canScrollTo": false,
    "elementDescriptors": [
      {
        "className": "android.widget.EditText",
        "recyclerViewChildPosition": -1,
        "adapterViewChildPosition": -1,
        "groupViewChildPosition": 1,
        "resourceId": "com.fadhlanhawali.meetingyukmerchantapp:id/txtPassword",
        "contentDescription": "",
        "text": "123"
      },
      {
        "className": "android.widget.LinearLayout",
        "recyclerViewChildPosition": -1,
        "adapterViewChildPosition": -1,
        "groupViewChildPosition": 0,
        "resourceId": "com.fadhlanhawali.meetingyukmerchantapp:id/form",
        "contentDescription": "",
        "text": ""
      },
      {
        "className": "android.widget.RelativeLayout",
        "recyclerViewChildPosition": -1,
        "adapterViewChildPosition": -1,
        "groupViewChildPosition": 0,
        "resourceId": "",
        "contentDescription": "",
        "text": ""
      }
    ]
  },
  {
    "eventType": "VIEW_CLICKED",
    "timestamp": 1532257692759,
    "replacementText": "Login",
    "actionCode": -1,
    "delayTime": 0,
    "canScrollTo": false,
    "elementDescriptors": [
      {
        "className": "android.widget.Button",
        "recyclerViewChildPosition": -1,
        "adapterViewChildPosition": -1,
        "groupViewChildPosition": 2,
        "resourceId": "com.fadhlanhawali.meetingyukmerchantapp:id/login",
        "contentDescription": "",
        "text": "Login"
      },
      {
        "className": "android.widget.RelativeLayout",
        "recyclerViewChildPosition": -1,
        "adapterViewChildPosition": -1,
        "groupViewChildPosition": 0,
        "resourceId": "",
        "contentDescription": "",
        "text": ""
      },
      {
        "className": "android.widget.FrameLayout",
        "recyclerViewChildPosition": -1,
        "adapterViewChildPosition": -1,
        "groupViewChildPosition": 1,
        "resourceId": "android:id/content",
        "contentDescription": "",
        "text": ""
      }
    ]
  },
  {
    "eventType": "DELAYED_MESSAGE_POSTED",
    "timestamp": 1532257696966,
    "actionCode": -1,
    "delayTime": 3578661,
    "canScrollTo": false,
    "elementDescriptors": []
  },
  {
    "eventType": "VIEW_CLICKED",
    "timestamp": 1532257700163,
    "replacementText": "",
    "actionCode": -1,
    "delayTime": 0,
    "canScrollTo": false,
    "elementDescriptors": [
      {
        "className": "android.support.design.internal.BottomNavigationItemView",
        "recyclerViewChildPosition": -1,
        "adapterViewChildPosition": -1,
        "groupViewChildPosition": 1,
        "resourceId": "com.fadhlanhawali.meetingyukmerchantapp:id/navigation_edit",
        "contentDescription": "Edit/Tambah Ruangan",
        "text": ""
      },
      {
        "className": "android.support.design.internal.BottomNavigationMenuView",
        "recyclerViewChildPosition": -1,
        "adapterViewChildPosition": -1,
        "groupViewChildPosition": 0,
        "resourceId": "",
        "contentDescription": "",
        "text": ""
      },
      {
        "className": "android.support.design.widget.BottomNavigationView",
        "recyclerViewChildPosition": -1,
        "adapterViewChildPosition": -1,
        "groupViewChildPosition": 1,
        "resourceId": "com.fadhlanhawali.meetingyukmerchantapp:id/navigation",
        "contentDescription": "",
        "text": ""
      }
    ]
  },
  {
    "eventType": "VIEW_CLICKED",
    "timestamp": 1532257705397,
    "replacementText": "",
    "actionCode": -1,
    "delayTime": 0,
    "canScrollTo": false,
    "elementDescriptors": [
      {
        "className": "android.support.design.internal.BottomNavigationItemView",
        "recyclerViewChildPosition": -1,
        "adapterViewChildPosition": -1,
        "groupViewChildPosition": 2,
        "resourceId": "com.fadhlanhawali.meetingyukmerchantapp:id/navigation_history",
        "contentDescription": "History",
        "text": ""
      },
      {
        "className": "android.support.design.internal.BottomNavigationMenuView",
        "recyclerViewChildPosition": -1,
        "adapterViewChildPosition": -1,
        "groupViewChildPosition": 0,
        "resourceId": "",
        "contentDescription": "",
        "text": ""
      },
      {
        "className": "android.support.design.widget.BottomNavigationView",
        "recyclerViewChildPosition": -1,
        "adapterViewChildPosition": -1,
        "groupViewChildPosition": 1,
        "resourceId": "com.fadhlanhawali.meetingyukmerchantapp:id/navigation",
        "contentDescription": "",
        "text": ""
      }
    ]
  },
  {
    "eventType": "VIEW_CLICKED",
    "timestamp": 1532257708782,
    "replacementText": "",
    "actionCode": -1,
    "delayTime": 0,
    "canScrollTo": false,
    "elementDescriptors": [
      {
        "className": "android.support.design.internal.BottomNavigationItemView",
        "recyclerViewChildPosition": -1,
        "adapterViewChildPosition": -1,
        "groupViewChildPosition": 3,
        "resourceId": "com.fadhlanhawali.meetingyukmerchantapp:id/navigation_settings",
        "contentDescription": "Profile",
        "text": ""
      },
      {
        "className": "android.support.design.internal.BottomNavigationMenuView",
        "recyclerViewChildPosition": -1,
        "adapterViewChildPosition": -1,
        "groupViewChildPosition": 0,
        "resourceId": "",
        "contentDescription": "",
        "text": ""
      },
      {
        "className": "android.support.design.widget.BottomNavigationView",
        "recyclerViewChildPosition": -1,
        "adapterViewChildPosition": -1,
        "groupViewChildPosition": 1,
        "resourceId": "com.fadhlanhawali.meetingyukmerchantapp:id/navigation",
        "contentDescription": "",
        "text": ""
      }
    ]
  },
  {
    "eventType": "DELAYED_MESSAGE_POSTED",
    "timestamp": 1532257712504,
    "actionCode": -1,
    "delayTime": 100,
    "canScrollTo": false,
    "elementDescriptors": []
  },
  {
    "eventType": "VIEW_CLICKED",
    "timestamp": 1532257713948,
    "replacementText": "Log Out",
    "actionCode": -1,
    "delayTime": 0,
    "canScrollTo": false,
    "elementDescriptors": [
      {
        "className": "android.support.v7.widget.AppCompatButton",
        "recyclerViewChildPosition": -1,
        "adapterViewChildPosition": -1,
        "groupViewChildPosition": 5,
        "resourceId": "com.fadhlanhawali.meetingyukmerchantapp:id/btnLogOut",
        "contentDescription": "",
        "text": "Log Out"
      },
      {
        "className": "android.widget.LinearLayout",
        "recyclerViewChildPosition": -1,
        "adapterViewChildPosition": -1,
        "groupViewChildPosition": 0,
        "resourceId": "",
        "contentDescription": "",
        "text": ""
      },
      {
        "className": "android.widget.FrameLayout",
        "recyclerViewChildPosition": -1,
        "adapterViewChildPosition": -1,
        "groupViewChildPosition": 0,
        "resourceId": "com.fadhlanhawali.meetingyukmerchantapp:id/fragment_container",
        "contentDescription": "",
        "text": ""
      }
    ]
  },
  {
    "eventType": "DELAYED_MESSAGE_POSTED",
    "timestamp": 1532257716134,
    "actionCode": -1,
    "delayTime": 3587076,
    "canScrollTo": false,
    "elementDescriptors": []
  }
]