{
  "project_info": {
    "project_number": "669568530790",
    "firebase_url": "https://meeting-yuk-f0057.firebaseio.com",
    "project_id": "meeting-yuk-f0057",
    "storage_bucket": "meeting-yuk-f0057.appspot.com"
  },
  "client": [
    {
      "client_info": {
        "mobilesdk_app_id": "1:669568530790:android:a66fd86e1839bb80",
        "android_client_info": {
          "package_name": "com.fadhlanhawali.meetingyukmerchantapp"
        }
      },
      "oauth_client": [
        {
          "client_id": "669568530790-evf9tpt26cikkpunl3nhk3v6htop41rm.apps.googleusercontent.com",
          "client_type": 3
        }
      ],
      "api_key": [
        {
          "current_key": "AIzaSyCozlmQ0wIIjBPP86DsAq2s8kCljO8FVLM"
        }
      ],
      "services": {
        "analytics_service": {
          "status": 1
        },
        "appinvite_service": {
          "status": 1,
          "other_platform_oauth_client": []
        },
        "ads_service": {
          "status": 2
        }
      }
    }
  ],
  "configuration_version": "1"
}